Player_Name,t(10),t(20),t(30),t(40),t(50),t(60),t(11),t(21),t(31),t(41),t(51),t(61),t(12),t(22),t(32),t(42),t(52),t(62),w1,w2,w3,w4,w5,w6,m(10),m(20),m(30),m(40),m(50),m(60),m(11),m(21),m(31),m(41),m(51),m(61),m(12),m(22),m(32),m(42),m(52),m(62),p1,p2,p3,p4,p5,p6,r(10),r(20),r(30),r(40),r(50),r(60),r(11),r(21),r(31),r(41),r(51),r(61),r(12),r(22),r(32),r(42),r(52),r(62),economy,wicket_rate,average_economy,average_wicket_rate
KM Asif,,9,,,,,,7,,,16,,,,,,4,,,1,,,2,,,1,,,,,,1,,,2,,,,,,,,0,0.5,0,0,1,0,0,9,0,0,0,0,0,7,0,0,8,0,0,0,0,0,0,0,9,0.125,9.933589622,0.053803521
Jason Behrendorff,,,,,,,,,,,,,,,,,,,,,,,,,,,,,,,,,,,,,,,,,,,0,0,0,0,0,0,0,0,0,0,0,0,0,0,0,0,0,0,0,0,0,0,0,0,0,0,,
Bhagath Varma,,,,,,,,,,,,,,,,,,,,,,,,,,,,,,,,,,,,,,,,,,,0,0,0,0,0,0,0,0,0,0,0,0,0,0,0,0,0,0,0,0,0,0,0,0,0,0,,
Dwayne Bravo,,,,,5,,,,,,,16,,,,,,,,,,,,,,,,,1,,,,,,,1,,,,,,,0,0,0,0,0,0,0,0,0,0,5,0,0,0,0,0,0,16,0,0,0,0,0,0,10.5,0,,
Deepak Chahar,82,10,47,2,22,22,12,11,43,21,22,33,,,2,,20,6,2,1,4,1,3,,13,3,6,1,8,1,,,6,2,1,3,,,,,4,1,0.153846154,0.333333333,0.333333333,0.333333333,0.230769231,0,6.307692308,3.333333333,7.833333333,2,2.75,22,0,0,7.166666667,10.5,22,11,0,0,0,0,5,6,7.244897959,0.037414966,,
Sam Curran,,,,,,,,,,,,,,,,,,,,,,,,,,,,,,,,,,,,,,,,,,,0,0,0,0,0,0,0,0,0,0,0,0,0,0,0,0,0,0,0,0,0,0,0,0,0,0,,
Krishnappa Gowtham,62,11,18,,,,17,3,20,22,20,,,,8,,4,,4,,5,,,,11,1,4,,,,,1,3,2,2,,,,,,1,,0.363636364,0,0.714285714,0,0,0,5.636363636,11,4.5,0,0,0,0,3,6.666666667,11,10,0,0,0,0,0,4,0,7.4,0.06,,
Imran Tahir,,,,8,4,24,,,7,,15,1,,,,,,7,,,,,1,2,,,,1,1,2,,,1,,1,1,,,,,,,0,0,0,0,0.5,0.666666667,0,0,0,8,4,12,0,0,7,0,15,1,0,0,0,0,0,0,9.428571429,0.071428571,,
Ravindra Jadeja,,,6,6,17,9,,,,2,5,18,,,,,5,14,,,,,2,3,,,1,1,1,1,,,,1,1,2,,,,,1,1,0,0,0,0,0.666666667,0.75,0,0,6,6,17,9,0,0,0,2,5,9,0,0,0,0,5,14,8.2,0.083333333,,
Lungi Ngidi,13,13,,,,,,16,20,9,,10,,,,1,,6,1,3,,2,,,2,4,,,,,,1,2,3,,1,,,,1,,1,0.5,0.6,0,0.5,0,0,6.5,3.25,0,0,0,0,0,16,10,3,0,10,0,0,0,1,0,6,5.866666667,0.066666667,,
Harishankar Reddy,,,,,,,,,,,,,,,,,,,,,,,,,,,,,,,,,,,,,,,,,,,0,0,0,0,0,0,0,0,0,0,0,0,0,0,0,0,0,0,0,0,0,0,0,0,0,0,,
Ravisrinivasan Sai Kishore,,,,,,,,,,,,,,,,,,,,,,,,,,,,,,,,,,,,,,,,,,,0,0,0,0,0,0,0,0,0,0,0,0,0,0,0,0,0,0,0,0,0,0,0,0,0,0,,
Mitchell Santner,,,,,,,,,,,,,,,,,,,,,,,,,,,,,,,,,,,,,,,,,,,0,0,0,0,0,0,0,0,0,0,0,0,0,0,0,0,0,0,0,0,0,0,0,0,0,0,,
Shradul Thakur,,73,6,,20,20,,27,,17,20,27,,,,21,12,19,,2,,1,3,2,,8,1,,3,2,,3,,3,2,3,,,,2,2,3,0,0.181818182,0,0.2,0.428571429,0.25,0,9.125,6,0,6.666666667,10,0,9,0,5.666666667,10,9,0,0,0,10.5,6,6.333333333,8.1875,0.041666667,,
Karn Sharma,,,,22,,50,,,,8,41,3,,,,14,19,11,,,,2,1,4,,,,4,,6,,,,2,5,1,,,,1,2,2,0,0,0,0.285714286,0.142857143,0.444444444,0,0,0,5.5,0,8.333333333,0,0,0,4,8.2,3,0,0,0,14,9.5,5.5,7.304347826,0.050724638,,
Ravichandran Ashwin,37,18,11,6,21,52,7,9,,26,4,0,1,,22,13,2,51,3,,,2,2,3,7,3,2,3,3,5,,1,,3,2,3,,,1,1,,7,0.428571429,0,0,0.285714286,0.4,0.2,5.285714286,6,5.5,2,7,10.4,0,9,0,8.666666667,2,0,0,0,22,13,0,7.285714286,6.829268293,0.040650407,,
Avesh Khan,,,,,,,,,,,,,,,,,,,,,,,,,,,,,,,,,,,,,,,,,,,0,0,0,0,0,0,0,0,0,0,0,0,0,0,0,0,0,0,0,0,0,0,0,0,0,0,,
Kagiso Rabada,8,26,,32,9,,,9,,,,11,,3,,,11,,,3,,1,,,1,5,,3,1,,,,,,,1,,,,,1,,0,0.6,0,0.333333333,0,0,8,5.2,0,10.66666667,9,0,0,0,0,0,0,11,0,0,0,0,11,0,9.083333333,0.055555556,,
Pravin Dubey,,,,,,,,,,,,,,,,,,,,,,,,,,,,,,,,,,,,,,,,,,,0,0,0,0,0,0,0,0,0,0,0,0,0,0,0,0,0,0,0,0,0,0,0,0,0,0,,
Anrich Nortje,,,,,,,,,,,,,,,,,,,,,,,,,,,,,,,,,,,,,,,,,,,0,0,0,0,0,0,0,0,0,0,0,0,0,0,0,0,0,0,0,0,0,0,0,0,0,0,,
Amit Mishra,,,24,,8,,,,,,,,,,,,,,,,,,,,,,1,,1,,,,,,,,,,,,,,0,0,0,0,0,0,0,0,24,0,8,0,0,0,0,0,0,0,0,0,0,0,0,0,16,0,,
Harshal Patel,,44,17,12,8,15,,1,7,33,55,39,,,7,,26,9,,1,2,1,4,1,,4,2,2,2,1,,,2,2,8,3,,,1,,2,1,0,0.25,0.4,0.25,0.333333333,0.2,0,11,8.5,6,4,15,0,0,3.5,16.5,6.875,13,0,0,7,0,13,9,9.1,0.05,,
Ishant Sharma,15,41,36,65,35,10,,4,,18,,35,,,,0,25,8,,1,,2,,,3,6,4,6,3,1,,,,2,,4,,,,,2,2,0,0.166666667,0,0.25,0,0,5,6.833333333,9,10.83333333,11.66666667,10,0,0,0,9,0,8.75,0,0,0,0,12.5,4,8.848484848,0.015151515,,
Avesh Khan,0,12,23,6,,73,2,5,4,12,,,,,,7,,13,1,1,,,,1,1,3,1,1,,4,,,1,1,,,,,,1,,2,1,0.333333333,0,0,0,0.166666667,0,4,23,6,0,18.25,0,0,4,12,0,0,0,0,0,7,0,6.5,10.46666667,0.033333333,,
Umesh Yadav,81,153,119,40,39,,4,39,75,95,34,17,3,4,14,21,22,44,6,7,5,8,4,3,19,20,14,5,5,,,5,8,11,3,4,,,2,1,2,5,0.315789474,0.28,0.208333333,0.470588235,0.4,0.333333333,4.263157895,7.65,8.5,8,7.8,0,0,7.8,9.375,8.636363636,11.33333333,4.25,0,0,7,21,11,8.8,7.730769231,0.052884615,,
Lukman Meriwala,,,,,,,,,,,,,,,,,,,,,,,,,,,,,,,,,,,,,,,,,,,0,0,0,0,0,0,0,0,0,0,0,0,0,0,0,0,0,0,0,0,0,0,0,0,0,0,,
M Siddharth,,,,,,,,,,,,,,,,,,,,,,,,,,,,,,,,,,,,,,,,,,,0,0,0,0,0,0,0,0,0,0,0,0,0,0,0,0,0,0,0,0,0,0,0,0,0,0,,
Shams Mulani,,,,,,,,,,,,,,,,,,,,,,,,,,,,,,,,,,,,,,,,,,,0,0,0,0,0,0,0,0,0,0,0,0,0,0,0,0,0,0,0,0,0,0,0,0,0,0,,
Marcus Stoinis,11,,9,20,25,21,,,4,,,8,,,,,,5,,,,,,2,1,,1,1,2,2,,,1,,,1,,,,,,,0,0,0,0,0,0.666666667,11,0,9,20,12.5,10.5,0,0,4,0,0,8,0,0,0,0,0,0,11.44444444,0.037037037,,
Anirudha Joshi,,,,,,,,,,,,,,,,,,,,,,,,,,,,,,,,,,,,,,,,,,,0,0,0,0,0,0,0,0,0,0,0,0,0,0,0,0,0,0,0,0,0,0,0,0,0,0,,
Daniel Sams,,,,,,,,,,,,,,,,,,,,,,,,,,,,,,,,,,,,,,,,,,,0,0,0,0,0,0,0,0,0,0,0,0,0,0,0,0,0,0,0,0,0,0,0,0,0,0,,
Mandeep Singh,,,,,,,,,,,,,,,,,,,,,,,,,,,,,,,,,,,,,,,,,,,0,0,0,0,0,0,0,0,0,0,0,0,0,0,0,0,0,0,0,0,0,0,0,0,0,0,,
Deepak Hooda,13,,6,,,,,,8,13,,21,,,,,,17,,,,,,1,1,,1,,,,,,1,2,,3,,,,,,1,0,0,0,0,0,0.25,13,0,6,0,0,0,0,0,8,6.5,0,7,0,0,0,0,0,17,8.666666667,0.018518519,,
Moises Henriques,,,2,,,11,,,0,16,,60,,,1,,8,14,,,2,,,2,,,1,,,2,,,,1,,5,,,,,1,1,0,0,2,0,0,0.25,0,0,2,0,0,5.5,0,0,0,16,0,12,0,0,0,0,8,14,10.18181818,0.060606061,,
Jalaj Saxena,,,,,,,,,,,,,,,,,,,,,,,,,,,,,,,,,,,,,,,,,,,0,0,0,0,0,0,0,0,0,0,0,0,0,0,0,0,0,0,0,0,0,0,0,0,0,0,,
Utkarsh Singh,,,,,,,,,,,,,,,,,,,,,,,,,,,,,,,,,,,,,,,,,,,0,0,0,0,0,0,0,0,0,0,0,0,0,0,0,0,0,0,0,0,0,0,0,0,0,0,,
Harpreet Brar,,,,,,,,,,,,,,,,,,,,,,,,,,,,,,,,,,,,,,,,,,,0,0,0,0,0,0,0,0,0,0,0,0,0,0,0,0,0,0,0,0,0,0,0,0,0,0,,
Saurabh Kumar,,,,,,,,,,,,,,,,,,,,,,,,,,,,,,,,,,,,,,,,,,,0,0,0,0,0,0,0,0,0,0,0,0,0,0,0,0,0,0,0,0,0,0,0,0,0,0,,
Arshdeep Singh,,,,,,,,,,,,,,,,,,,,,,,,,,,,,,,,,,,,,,,,,,,0,0,0,0,0,0,0,0,0,0,0,0,0,0,0,0,0,0,0,0,0,0,0,0,0,0,,
Jhye Richardson,,,,,,,,,,,,,,,,,,,,,,,,,,,,,,,,,,,,,,,,,,,0,0,0,0,0,0,0,0,0,0,0,0,0,0,0,0,0,0,0,0,0,0,0,0,0,0,,
Riley Meredith,,,,,,,,,,,,,,,,,,,,,,,,,,,,,,,,,,,,,,,,,,,0,0,0,0,0,0,0,0,0,0,0,0,0,0,0,0,0,0,0,0,0,0,0,0,0,0,,
Mohammed Shami,38,97,21,64,14,38,9,20,3,57,9,20,,,5,15,22,36,1,3,1,1,,1,6,13,3,7,1,4,,1,,4,2,1,,,1,1,2,4,0.166666667,0.214285714,0.25,0.083333333,0,0.111111111,6.333333333,7.461538462,7,9.142857143,14,9.5,0,20,0,14.25,4.5,20,0,0,5,15,11,9,9.36,0.023333333,,
Ravi Bishnoi,,,,,,,,,,,,,,,,,,,,,,,,,,,,,,,,,,,,,,,,,,,0,0,0,0,0,0,0,0,0,0,0,0,0,0,0,0,0,0,0,0,0,0,0,0,0,0,,
Darshan Nalkande,,,,,,,,,,,,,,,,,,,,,,,,,,,,,,,,,,,,,,,,,,,0,0,0,0,0,0,0,0,0,0,0,0,0,0,0,0,0,0,0,0,0,0,0,0,0,0,,
Ishan Porel,,,,,,,,,,,,,,,,,,,,,,,,,,,,,,,,,,,,,,,,,,,0,0,0,0,0,0,0,0,0,0,0,0,0,0,0,0,0,0,0,0,0,0,0,0,0,0,,
Chris Jordan,,6,17,12,,,,,37,,,,,10,,,,,,1,1,,,,,1,2,1,,,,,3,,,,,1,,,,,0,0.5,0.2,0,0,0,0,6,8.5,12,0,0,0,0,12.33333333,0,0,0,0,10,0,0,0,0,10.25,0.041666667,,
Murugan Ashwin,,,,,,20,,,,,,,,,,13,,,,,,,,,,,,,,1,,,,,,,,,,1,,,0,0,0,0,0,0,0,0,0,0,0,20,0,0,0,0,0,0,0,0,0,13,0,0,16.5,0,,
Sunil Narine,26,33,6,86,115,42,,6,,20,54,57,,2,,,19,27,,1,,2,5,5,2,4,1,13,14,6,,1,,2,10,11,,,,,4,2,0,0.2,0,0.133333333,0.178571429,0.263157895,13,8.25,6,6.615384615,8.214285714,7,0,6,0,10,5.4,5.181818182,0,0,0,0,4.75,13.5,7.042857143,0.030952381,,
Andre Russell,51,42,61,54,14,8,2,9,11,,5,0,0,11,10,14,23,14,3,1,4,,3,2,10,5,6,6,2,2,,1,2,,1,,,1,1,1,2,2,0.3,0.142857143,0.444444444,0,0.6,0.5,5.1,8.4,10.16666667,9,7,4,0,9,5.5,0,5,0,0,11,10,14,11.5,7,7.833333333,0.051587302,,
Shakib Al Hasan,23,9,71,23,15,30,,11,21,26,59,33,,,,,5,13,,,2,4,3,4,3,1,8,3,2,3,,1,2,4,6,7,,,,,1,2,0,0,0.2,0.571428571,0.333333333,0.333333333,7.666666667,9,8.875,7.666666667,7.5,10,0,11,10.5,6.5,9.833333333,4.714285714,0,0,0,0,5,6.5,7.88372093,0.050387597,,
Ben Cutting,,13,,10,18,,,,,4,13,10,,,,,,,,,,,,,,1,,1,2,,,,,1,1,1,,,,,,,0,0,0,0,0,0,0,13,0,10,9,0,0,0,0,4,13,10,0,0,0,0,0,0,9.714285714,0,,
Pawan Negi,14,6,2,,,,,4,27,,,,,,,,11,,1,1,1,,,,3,1,1,,,,,,1,,,,,,,,1,,0.333333333,1,0.5,0,0,0,4.666666667,6,2,0,0,0,0,0,27,0,0,0,0,0,0,0,11,0,9.142857143,0.071428571,,
Venkatesh Iyer,,,,,,,,,,,,,,,,,,,,,,,,,,,,,,,,,,,,,,,,,,,0,0,0,0,0,0,0,0,0,0,0,0,0,0,0,0,0,0,0,0,0,0,0,0,0,0,,
Pat Cummins,8,7,33,,3,19,19,13,16,16,6,24,,,7,,,38,1,2,,,1,2,3,2,3,,1,1,,1,1,1,1,3,,,1,,,3,0.333333333,0.666666667,0,0,0.5,0.285714286,2.666666667,3.5,11,0,3,19,0,13,16,16,6,8,0,0,7,0,0,12.66666667,9.952380952,0.047619048,,
Harry Gurney,,,,,,,,,,,,,,,,,,,,,,,,,,,,,,,,,,,,,,,,,,,0,0,0,0,0,0,0,0,0,0,0,0,0,0,0,0,0,0,0,0,0,0,0,0,0,0,,
Varun Chakaravarthy,,,,,,,,,,,,,,,,,,,,,,,,,,,,,,,,,,,,,,,,,,,0,0,0,0,0,0,0,0,0,0,0,0,0,0,0,0,0,0,0,0,0,0,0,0,0,0,,
Lockie Ferguson,,11,,21,,,,,,,2,,,,,,1,16,,,,,1,,,1,,2,,,,,,,1,,,,,,,1,0,0,0,0,1,0,0,11,0,10.5,0,0,0,0,0,0,2,0,0,0,0,0,0,16,10.2,0.033333333,,
Kuldeep Yadav,,,,,,,,,,,,,,,,,,,,,,,,,,,,,,,,,,,,,,,,,,,0,0,0,0,0,0,0,0,0,0,0,0,0,0,0,0,0,0,0,0,0,0,0,0,0,0,,
Kamlesh Nagarkoti,,,,,,,,,,,,,,,,,,,,,,,,,,,,,,,,,,,,,,,,,,,0,0,0,0,0,0,0,0,0,0,0,0,0,0,0,0,0,0,0,0,0,0,0,0,0,0,,
Shivam Mavi,15,,55,9,26,4,,,,,,,,,9,,7,,,,1,,,,3,,4,1,2,1,,,,,,,,,1,,1,,0,0,0.2,0,0,0,5,0,13.75,9,13,4,0,0,0,0,0,0,0,0,9,0,7,0,9.615384615,0.012820513,,
Prasidh Krishna,,,,,,,,,,,,,,,,,,,,,,,,,,,,,,,,,,,,,,,,,,,0,0,0,0,0,0,0,0,0,0,0,0,0,0,0,0,0,0,0,0,0,0,0,0,0,0,,
Sandeep Warrier,,,,,,,,,,,,,,,,,,,,,,,,,,,,,,,,,,,,,,,,,,,0,0,0,0,0,0,0,0,0,0,0,0,0,0,0,0,0,0,0,0,0,0,0,0,0,0,,
Harbhajan Singh,28,25,16,96,16,41,,1,,18,14,34,,,,,6,5,,1,,1,3,5,4,5,2,9,2,6,,,,3,2,3,,,,,1,,0,0.2,0,0.083333333,0.6,0.555555556,7,5,8,10.66666667,8,6.833333333,0,0,0,6,7,11.33333333,0,0,0,0,6,0,8.108108108,0.045045045,,
Vaibhav Arora,,,,,,,,,,,,,,,,,,,,,,,,,,,,,,,,,,,,,,,,,,,0,0,0,0,0,0,0,0,0,0,0,0,0,0,0,0,0,0,0,0,0,0,0,0,0,0,,
Anuj Rawat,,,,,,,,,,,,,,,,,,,,,,,,,,,,,,,,,,,,,,,,,,,0,0,0,0,0,0,0,0,0,0,0,0,0,0,0,0,0,0,0,0,0,0,0,0,0,0,,
Ben Stokes,,0,,24,25,,,8,,4,32,33,,,,4,36,14,,1,,1,5,1,,1,,2,6,,,1,,1,4,3,,,,,3,2,0,0.5,0,0.333333333,0.384615385,0.2,0,0,0,12,4.166666667,0,0,8,0,4,8,11,0,0,0,0,12,7,7.826086957,0.057971014,,
Mahipal Lomror,,,,,,,,,,,,,,,,,,,,,,,,,,,,,,,,,,,,,,,,,,,0,0,0,0,0,0,0,0,0,0,0,0,0,0,0,0,0,0,0,0,0,0,0,0,0,0,,
Rahul Tewatia,,,,9,6,,,,,,,,,,,,,,,,,,,,,,,1,1,,,,,,,,,,,,,,0,0,0,0,0,0,0,0,0,9,6,0,0,0,0,0,0,0,0,0,0,0,0,0,7.5,0,,
Shreyas Gopal,,,,,,0,,,,,,18,,,,,,,,,,,,1,,,,,,1,,,,,,1,,,,,,,0,0,0,0,0,0.5,0,0,0,0,0,0,0,0,0,0,0,18,0,0,0,0,0,0,9,0.083333333,,
Shivam Dube,,,,,,,,,,,,,,,,,,,,,,,,,,,,,,,,,,,,,,,,,,,0,0,0,0,0,0,0,0,0,0,0,0,0,0,0,0,0,0,0,0,0,0,0,0,0,0,,
Chris Morris,24,77,17,67,33,10,15,26,,45,2,33,,,,18,18,48,3,2,,4,1,4,6,12,2,8,3,2,,2,,6,1,5,,,,2,3,5,0.5,0.142857143,0,0.25,0.142857143,0.333333333,4,6.416666667,8.5,8.375,11,5,0,13,0,7.5,2,6.6,0,0,0,9,6,9.6,7.596491228,0.040935673,,
Jofra Archer,,28,5,4,,,,12,22,24,7,,,,,9,6,,,,1,3,,,,3,2,1,,,,2,1,2,1,,,,,2,1,,0,0,0.333333333,0.6,0,0,0,9.333333333,2.5,4,0,0,0,6,22,12,7,0,0,0,0,4.5,6,0,7.8,0.044444444,,
Jaydev Unadkat,61,14,64,38,9,8,4,5,36,34,28,53,,,3,1,15,19,3,2,3,2,1,,12,3,7,4,1,1,,,5,5,2,6,,,,,2,3,0.25,0.666666667,0.25,0.222222222,0.2,0,5.083333333,4.666666667,9.142857143,9.5,9,8,0,0,7.2,6.8,14,8.833333333,0,0,0,0,7.5,6.333333333,7.68627451,0.035947712,,
Kartik Tyagi,,,,,,,,,,,,,,,,,,,,,,,,,,,,,,,,,,,,,,,,,,,0,0,0,0,0,0,0,0,0,0,0,0,0,0,0,0,0,0,0,0,0,0,0,0,0,0,,
Mayank Markande,,,,,,,,,,,,,,,,,,,,,,,,,,,,,,,,,,,,,,,,,,,0,0,0,0,0,0,0,0,0,0,0,0,0,0,0,0,0,0,0,0,0,0,0,0,0,0,,
Andrew Tye,,,,,,,,,,,,,,,,,,,,,,,,,,,,,,,,,,,,,,,,,,,0,0,0,0,0,0,0,0,0,0,0,0,0,0,0,0,0,0,0,0,0,0,0,0,0,0,,
Mustafizur Rahman,,,,,,,,,,,,,,,,,,,,,,,,,,,,,,,,,,,,,,,,,,,0,0,0,0,0,0,0,0,0,0,0,0,0,0,0,0,0,0,0,0,0,0,0,0,0,0,,
Chetan Sakariya,,,,,,,,,,,,,,,,,,,,,,,,,,,,,,,,,,,,,,,,,,,0,0,0,0,0,0,0,0,0,0,0,0,0,0,0,0,0,0,0,0,0,0,0,0,0,0,,
KC Cariappa,,,6,,18,,,,,,7,12,,,,,,2,,,,,,,,,1,,1,,,,,,1,1,,,,,,1,0,0,0,0,0,0,0,0,6,0,18,0,0,0,0,0,7,12,0,0,0,0,0,2,9,0,,
Liam Livingstone,,,,,,,,,,,,,,,,,,,,,,,,,,,,,,,,,,,,,,,,,,,0,0,0,0,0,0,0,0,0,0,0,0,0,0,0,0,0,0,0,0,0,0,0,0,0,0,,
Kuldip Yadav,,14,,,9,23,,,7,,10,5,,,,,,,,,,,,,,2,,,1,3,,,1,,1,1,,,,,,,0,0,0,0,0,0,0,7,0,0,9,7.666666667,0,0,7,0,10,5,0,0,0,0,0,0,7.555555556,0,,
Akash Singh,,60,17,26,15,11,,10,,23,1,10,,,,3,,,,1,1,2,1,1,,8,1,4,3,2,,1,,3,,1,,,,1,,,0,0.111111111,1,0.25,0.333333333,0.333333333,0,7.5,17,6.5,5,5.5,0,10,0,7.666666667,0,10,0,0,0,3,0,0,7.333333333,0.041666667,,
Vijay Shankar,,,,,,,,,,,,,,,,,,,,,,,,,,,,,,,,,,,,,,,,,,,0,0,0,0,0,0,0,0,0,0,0,0,0,0,0,0,0,0,0,0,0,0,0,0,0,0,,
Mohammad Nabi,,15,,18,,13,,0,,7,,,,,,,10,7,,1,,1,,,,3,,2,,1,,,,2,,,,,,,1,1,0,0.333333333,0,0.25,0,0,0,5,0,9,0,13,0,0,0,3.5,0,0,0,0,0,0,10,7,7,0.033333333,,
Jason Holder,,,,,17,,,,,,0,,,11,,7,,,,,,,1,,,,,,1,,,,,,,,,1,,1,,,0,0,0,0,1,0,0,0,0,0,17,0,0,0,0,0,0,0,0,11,0,7,0,0,11.66666667,0.055555556,,
Abdul Samad,,,,,,,,,,,,,,,,,,,,,,,,,,,,,,,,,,,,,,,,,,,0,0,0,0,0,0,0,0,0,0,0,0,0,0,0,0,0,0,0,0,0,0,0,0,0,0,,
Kedar Jadhav,,,,,,,,,,,,,,,,,,,,,,,,,,,,,,,,,,,,,,,,,,,0,0,0,0,0,0,0,0,0,0,0,0,0,0,0,0,0,0,0,0,0,0,0,0,0,0,,
J Suchith,,,11,7,22,,,,,,15,10,,,,,4,,,,,,1,,,,1,1,1,,,,,,2,1,,,,,,,0,0,0,0,0.333333333,0,0,0,11,7,22,0,0,0,0,0,7.5,10,0,0,0,0,0,0,11.5,0.027777778,,
Rashid Khan,,,,,23,4,,,,,16,30,,,6,,7,19,,,,,3,2,,,,,3,1,,,,,4,3,,,1,,1,1,0,0,0,0,0.375,0.4,0,0,0,0,7.666666667,4,0,0,0,0,4,10,0,0,6,0,7,19,7.5,0.05952381,,
T Natarajan,,,,,,,,16,,11,,,,,,6,,,,,,,,,,,,,,,,2,,1,,,,,,1,,,0,0,0,0,0,0,0,0,0,0,0,0,0,8,0,11,0,0,0,0,0,6,0,0,8.25,0,,
Khaleel Ahmed,,13,,,,,,,,,12,,,,,,,,,,,,,,,1,,,,,,,,,1,,,,,,,,0,0,0,0,0,0,0,13,0,0,0,0,0,0,0,0,12,0,0,0,0,0,0,0,12.5,0,,
Sandeep Sharma,293,51,229,25,62,,11,46,108,9,108,27,,0,9,1,51,23,11,3,15,3,7,1,55,6,31,3,7,,,3,15,2,12,2,,,1,1,8,3,0.2,0.333333333,0.319148936,0.5,0.259259259,0.2,5.327272727,8.5,7.387096774,8.333333333,8.857142857,0,0,15.33333333,7.2,4.5,9,13.5,0,0,9,1,6.375,7.666666667,7.067114094,0.044742729,,
Basil Thampi,13,16,15,13,,,,17,,33,34,,,3,,7,15,12,,1,,1,,,1,3,1,2,,,,2,,2,3,,,1,,1,1,1,0,0.166666667,0,0.2,0,0,13,5.333333333,15,6.5,0,0,0,8.5,0,16.5,11.33333333,0,0,3,0,7,15,12,9.888888889,0.018518519,,
Shahbaz Nadeem,69,28,27,21,11,24,,4,4,25,7,39,,,,12,8,,,2,,3,1,1,10,4,3,2,2,3,,,1,4,2,2,,,,,,,0,0.5,0,0.5,0.25,0.2,6.9,7,9,10.5,5.5,8,0,0,4,6.25,3.5,19.5,0,0,0,0,0,0,8.454545455,0.035353535,,
Siddharth Kaul,,10,25,14,39,30,,4,0,25,14,75,,,4,19,23,34,,1,1,3,2,2,,2,3,2,3,3,,,1,3,2,8,,,,2,2,3,0,0.5,0.25,0.428571429,0.285714286,0.142857143,0,5,8.333333333,7,13,10,0,0,0,8.333333333,7,9.375,0,0,0,9.5,11.5,11.33333333,9.294117647,0.044117647,,
Bhuvneshwar Kumar,223,115,167,59,17,9,19,12,127,41,57,8,4,,12,11,7,24,15,6,8,3,1,2,50,19,26,7,2,1,,1,16,6,7,2,,,1,2,3,3,0.3,0.3,0.186046512,0.2,0.083333333,0.333333333,4.46,6.052631579,6.423076923,8.428571429,8.5,9,0,12,7.9375,6.833333333,8.142857143,4,0,0,12,5.5,2.333333333,8,6.246575342,0.039954338,,
Mujeeb ur Rahman,,16,1,30,3,5,,4,17,45,14,37,,,,,5,55,,1,1,1,2,5,,3,1,8,2,4,,,3,5,2,6,,,,,1,6,0,0.333333333,0.25,0.076923077,0.4,0.3125,0,5.333333333,1,3.75,1.5,1.25,0,0,5.666666667,9,7,6.166666667,0,0,0,0,5,9.166666667,5.658536585,0.040650407,,
Washington Sundar,4,21,29,21,,,,,25,5,29,0,,,,36,,29,,,1,1,,3,2,5,3,3,,,,,2,1,2,1,,,,3,,2,0,0,0.2,0.142857143,0,1,2,4.2,9.666666667,7,0,0,0,0,12.5,5,14.5,0,0,0,0,12,0,14.5,8.291666667,0.034722222,,
Shahbaz Ahmed,,,,,,,,,,,,,,,,,,,,,,,,,,,,,,,,,,,,,,,,,,,0,0,0,0,0,0,0,0,0,0,0,0,0,0,0,0,0,0,0,0,0,0,0,0,0,0,,
Pavan Deshpande,,,,,,,,,,,,,,,,,,,,,,,,,,,,,,,,,,,,,,,,,,,0,0,0,0,0,0,0,0,0,0,0,0,0,0,0,0,0,0,0,0,0,0,0,0,0,0,,
Glenn Maxwell,20,17,,4,29,11,,1,3,9,16,,,,,,,,,2,,,,,1,2,,1,2,1,,,1,1,1,,,,,,,,0,1,0,0,0,0,20,8.5,0,4,14.5,11,0,0,3,9,16,0,0,0,0,0,0,0,11,0.033333333,,
Daniel Christian,,13,,,,18,,,,11,4,7,,,,,,6,,,,,,,,1,,,,1,,,,1,1,1,,,,,,1,0,0,0,0,0,0,0,13,0,0,0,18,0,0,0,11,4,7,0,0,0,0,0,6,9.833333333,0,,
Kyle Jamieson,,,,,,,,,,,,,,,,,,,,,,,,,,,,,,,,,,,,,,,,,,,0,0,0,0,0,0,0,0,0,0,0,0,0,0,0,0,0,0,0,0,0,0,0,0,0,0,,
Navdeep Saini,,,,,,,,,,,,,,,,,,,,,,,,,,,,,,,,,,,,,,,,,,,0,0,0,0,0,0,0,0,0,0,0,0,0,0,0,0,0,0,0,0,0,0,0,0,0,0,,
Mohammed Siraj,,34,,,28,,,4,16,,49,2,,,,9,21,6,,2,,,1,2,,4,,,3,,,,1,,3,1,,,,1,2,1,0,0.5,0,0,0.125,1,0,8.5,0,0,9.333333333,0,0,0,16,0,16.33333333,2,0,0,0,9,10.5,6,10.5625,0.052083333,,
Adam Zampa,,,,,,,,,,,,,,,,,9,,,,,,,,,,,,,,,,,,,,,,,,1,,0,0,0,0,0,0,0,0,0,0,0,0,0,0,0,0,0,0,0,0,0,0,9,0,9,0,,
Yuzvendra Chahal,21,14,30,11,17,24,,33,1,53,40,51,,,5,1,0,43,1,2,1,2,2,5,4,5,2,2,2,3,,3,1,6,4,6,,,,,,3,0.25,0.25,0.333333333,0.25,0.333333333,0.416666667,5.25,2.8,15,5.5,8.5,8,0,11,1,8.833333333,10,8.5,0,0,0,0,0,14.33333333,8.390243902,0.052845528,,
Kane Richardson,24,25,10,8,,0,,4,0,10,9,25,,0,6,5,17,,,3,3,2,,1,4,5,2,2,,1,,1,,1,1,,,,1,1,2,,0,0.5,1,0.5,0,1,6,5,5,4,0,0,0,4,0,10,9,0,0,0,6,5,8.5,0,6.80952381,0.071428571,,
Hardik Pandya,32,15,45,30,21,,,,,4,12,22,,,,5,7,11,,,,2,1,1,3,1,4,3,1,,,,,1,1,3,,,,,1,2,0,0,0,0.5,0.333333333,0.2,10.66666667,15,11.25,10,21,0,0,0,0,4,12,7.333333333,0,0,0,0,7,5.5,10.2,0.033333333,,
Krunal Pandya,15,13,1,,6,,,2,12,7,68,29,,,,,2,,,,1,1,3,,2,1,1,,3,,,1,1,1,5,4,,,,,1,,0,0,0.5,1,0.333333333,0,7.5,13,1,0,2,0,0,2,12,7,13.6,7.25,0,0,0,0,2,0,7.75,0.041666667,,
Kieron Pollard,,,,,,,,,,11,,,,,,,,,,,,,,,,,,,,,,,,1,,,,,,,,,0,0,0,0,0,0,0,0,0,0,0,0,0,0,0,11,0,0,0,0,0,0,0,0,11,0,,
James Neesham,,,,,,,,,,,,,,,,,,18,,,,,,,,,,,,,,,,,,,,,,,,1,0,0,0,0,0,0,0,0,0,0,0,0,0,0,0,0,0,0,0,0,0,0,0,18,18,0,,
Yudhvir Charak,,,,,,,,,,,,,,,,,,,,,,,,,,,,,,,,,,,,,,,,,,,0,0,0,0,0,0,0,0,0,0,0,0,0,0,0,0,0,0,0,0,0,0,0,0,0,0,,
Arjun Tendulkar,,,,,,,,,,,,,,,,,,,,,,,,,,,,,,,,,,,,,,,,,,,0,0,0,0,0,0,0,0,0,0,0,0,0,0,0,0,0,0,0,0,0,0,0,0,0,0,,
Anukul Roy,,,,,,,,,,,,,,,,,,,,,,,,,,,,,,,,,,,,,,,,,,,0,0,0,0,0,0,0,0,0,0,0,0,0,0,0,0,0,0,0,0,0,0,0,0,0,0,,
Jayant Yadav,36,9,15,,37,,,,6,,,,,,,,,,,,,,,,6,1,3,,3,,,,1,,,,,,,,,,0,0,0,0,0,0,6,9,5,0,12.33333333,0,0,0,6,0,0,0,0,0,0,0,0,0,7.357142857,0,,
Nathan Coulter Nile,,,,,,,,,,,,,,,,,,,,,,,,,,,,,,,,,,,,,,,,,,,0,0,0,0,0,0,0,0,0,0,0,0,0,0,0,0,0,0,0,0,0,0,0,0,0,0,,
Adam Milne,19,,39,,,,,,17,,,,,,,,,,,,,,,,3,,3,,,,,,1,,,,,,,,,,0,0,0,0,0,0,6.333333333,0,13,0,0,0,0,0,17,0,0,0,0,0,0,0,0,0,10.71428571,0,,
Piyush Chawla,11,34,26,23,17,52,0,6,,13,18,36,,,,,13,4,1,2,,1,2,5,4,5,3,3,3,8,,,,1,2,2,,,,,1,1,0.25,0.4,0,0.25,0.333333333,0.454545455,2.75,6.8,8.666666667,7.666666667,5.666666667,6.5,0,0,0,13,9,18,0,0,0,0,13,4,7.666666667,0.055555556,,
Marco Jansen,,,,,,,,,,,,,,,,,,,,,,,,,,,,,,,,,,,,,,,,,,,0,0,0,0,0,0,0,0,0,0,0,0,0,0,0,0,0,0,0,0,0,0,0,0,0,0,,
Trent Boult,137,47,68,36,11,,,17,47,0,14,13,,,13,4,19,13,,1,5,1,2,,19,7,11,4,1,,,2,5,1,3,1,,,,,1,1,0,0.111111111,0.3125,0.2,0.4,0,7.210526316,6.714285714,6.181818182,9,11,0,0,8.5,9.4,0,4.666666667,13,0,0,0,0,19,13,7.839285714,0.026785714,,
Jasprit Bumrah,44,81,29,46,35,59,4,11,5,23,60,60,,,8,11,12,4,1,2,1,1,3,2,6,16,6,6,5,4,,1,1,2,10,8,,,1,2,2,3,0.166666667,0.117647059,0.125,0.1,0.176470588,0.133333333,7.333333333,5.0625,4.833333333,7.666666667,7,14.75,0,11,5,11.5,6,7.5,0,0,8,5.5,6,1.333333333,6.739726027,0.02283105,,
Mohsin Khan,,,,,,,,,,,,,,,,,,,,,,,,,,,,,,,,,,,,,,,,,,,0,0,0,0,0,0,0,0,0,0,0,0,0,0,0,0,0,0,0,0,0,0,0,0,0,0,,
Rahul Chahar,,,,,,,,,,,,,,,,,,,,,,,,,,,,,,,,,,,,,,,,,,,0,0,0,0,0,0,0,0,0,0,0,0,0,0,0,0,0,0,0,0,0,0,0,0,0,0,,
Z Khan,122,26,102,26,36,8,26,,42,3,67,5,6,,11,0,30,15,5,,8,3,5,1,22,5,16,3,6,2,,,12,1,11,1,1,,3,,3,2,0.217391304,0,0.258064516,0.75,0.25,0.2,5.545454545,5.2,6.375,8.666666667,6,4,0,0,3.5,3,6.090909091,5,6,0,3.666666667,0,10,7.5,5.965909091,0.041666667,,
SL Malinga,45,60,23,54,46,16,6,32,15,11,,32,,0,2,,7,18,3,5,1,1,2,2,9,10,4,5,7,2,,4,2,2,,4,,,1,,1,5,0.333333333,0.357142857,0.142857143,0.142857143,0.25,0.181818182,5,6,5.75,10.8,6.571428571,8,0,8,7.5,5.5,0,8,0,0,2,0,7,3.6,6.553571429,0.041666667,,
CJ Anderson,9,10,31,18,,14,,,0,14,13,,,,,5,,,,,1,1,,,2,1,3,1,,1,,,,1,1,,,,,,,,0,0,0.333333333,0.5,0,0,4.5,10,10.33333333,18,0,14,0,0,0,14,13,0,0,0,0,0,0,0,11.4,0.033333333,,
PP Ojha,0,6,15,,29,,,,10,10,0,29,,,,,3,,,,1,,1,,1,1,3,,3,,,,,1,1,2,,,,,,,0,0,0.333333333,0,0.25,0,0,6,5,0,9.666666667,0,0,0,0,10,0,14.5,0,0,0,0,0,0,8.5,0.027777778,,
R Vinay Kumar,71,3,34,15,26,,0,7,23,69,19,11,,,,,12,11,2,1,1,1,2,1,8,2,5,3,3,,,1,2,6,1,3,,,,,2,1,0.25,0.333333333,0.142857143,0.111111111,0.333333333,0.25,8.875,1.5,6.8,5,8.666666667,0,0,7,11.5,11.5,19,3.666666667,0,0,0,0,6,11,8.135135135,0.036036036,,
M Morkel,48,79,34,61,6,15,4,27,40,82,35,40,,,,14,,47,1,6,2,5,1,4,10,14,5,7,1,1,,3,4,10,4,5,,,,2,,5,0.1,0.352941176,0.222222222,0.263157895,0.2,0.363636364,4.8,5.642857143,6.8,8.714285714,6,15,0,9,10,8.2,8.75,8,0,0,0,7,0,9.4,7.492957746,0.044600939,,
MA Starc,130,15,82,32,3,12,10,3,26,,1,5,,,5,8,4,16,5,1,2,,1,,20,3,10,2,1,1,,1,4,,,1,,,1,1,1,2,0.25,0.25,0.133333333,0,0.5,0,6.5,5,8.2,16,3,12,0,3,6.5,0,0,5,0,0,5,8,4,8,7.333333333,0.03125,,
JA Morkel,28,28,38,12,,,15,4,10,2,,29,,7,0,1,10,23,1,1,1,2,,,4,4,2,2,,,,1,1,1,,2,,,,,1,2,0.25,0.2,0.333333333,0.666666667,0,0,7,7,19,6,0,0,0,4,10,2,0,14.5,0,0,0,0,10,11.5,10.35,0.041666667,,
VR Aaron,6,23,28,34,56,16,,8,6,13,43,31,,,,10,12,16,,,,,4,2,1,2,3,3,6,1,,1,1,1,4,3,,,,2,2,3,0,0,0,0,0.333333333,0.285714286,6,11.5,9.333333333,11.33333333,9.333333333,16,0,8,6,13,10.75,10.33333333,0,0,0,5,6,5.333333333,9.151515152,0.03030303,,
JP Duminy,23,7,13,52,,7,,,2,,,,,3,,,10,,,1,,,,,4,1,1,3,,1,,,1,,,,,1,,,1,,0,0.5,0,0,0,0,5.75,7,13,17.33333333,0,7,0,0,2,0,0,0,0,3,0,0,10,0,9,0.012820513,,
WD Parnell,12,21,40,3,15,2,,,8,1,9,7,,,,4,,,,,1,1,,,2,2,4,1,1,1,,,,1,1,1,,,,,,,0,0,0.25,0.5,0,0,6,10.5,10,3,15,2,0,0,0,1,9,7,0,0,0,0,0,0,8.714285714,0.023809524,,
AR Patel,18,20,,5,29,60,9,,9,44,21,15,,,,6,,18,2,,,1,,2,3,2,,1,3,7,,,1,5,3,3,,,,1,,2,0.666666667,0,0,0.142857143,0,0.166666667,6,10,0,5,9.666666667,8.571428571,0,0,9,8.8,7,5,0,0,0,6,0,9,8.193548387,0.02688172,,
P Awana,8,10,9,,18,,,,9,18,20,12,,,,,,33,,,1,,,2,2,,1,,1,,,,1,2,2,2,,,,,,1,0,0,0.5,0,0,0.666666667,4,0,9,0,18,0,0,0,9,9,10,6,0,0,0,0,0,33,11.41666667,0.041666667,,
MG Johnson,36,68,67,39,37,42,26,42,28,75,28,45,,,6,7,21,22,5,3,2,,1,1,8,11,5,4,2,5,,4,2,6,3,5,,,2,1,3,3,0.625,0.2,0.222222222,0,0.125,0.076923077,4.5,6.181818182,13.4,9.75,18.5,8.4,0,10.5,14,12.5,9.333333333,9,0,0,3,7,7,7.333333333,9.203125,0.03125,,
L Balaji,5,,5,8,,,,20,2,10,8,,,,,8,2,5,,,1,,2,1,1,,1,,,,,2,,1,2,,,,,1,,1,0,0,1,0,1,1,5,0,5,0,0,0,0,10,0,10,4,0,0,0,0,8,0,5,8.111111111,0.074074074,,
A Nehra,73,92,84,49,55,27,1,23,30,87,35,13,,4,2,10,17,9,3,2,4,8,4,1,12,13,9,8,6,2,,5,3,7,5,8,,,,1,2,2,0.25,0.111111111,0.333333333,0.5,0.307692308,0.083333333,6.083333333,7.076923077,9.333333333,6.125,9.166666667,13.5,0,4.6,10,12.42857143,7,1.625,0,0,0,10,8.5,4.5,7.361445783,0.044176707,,
MM Sharma,44,131,112,89,50,82,,44,11,80,57,24,,4,,15,27,49,,5,,3,8,5,5,18,11,10,7,8,,4,1,8,5,3,,,,1,4,8,0,0.227272727,0,0.157894737,0.5,0.263157895,8.8,7.277777778,10.18181818,8.9,7.142857143,10.25,0,11,11,10,11.4,8,0,0,0,15,6.75,6.125,8.806451613,0.037634409,,
DS Kulkarni,31,155,47,75,12,32,0,51,43,100,39,24,,,7,28,0,52,3,7,1,11,3,3,7,22,5,11,2,4,,5,4,11,5,2,,,1,4,,9,0.428571429,0.259259259,0.1,0.423076923,0.428571429,0.2,4.428571429,7.045454545,9.4,6.818181818,6,8,0,10.2,10.75,9.090909091,7.8,12,0,0,7,7,0,5.777777778,7.565217391,0.050724638,,
JP Faulkner,24,46,22,,35,3,10,,34,,17,67,,,2,,21,30,4,,3,,2,2,3,4,4,,4,1,,,2,,2,6,,,,,2,3,1.333333333,0,0.5,0,0.25,0.2,8,11.5,5.5,0,8.75,3,0,0,17,0,8.5,11.16666667,0,0,0,0,10.5,10,10.03225806,0.059139785,,
DW Steyn,66,44,36,13,29,6,0,27,13,23,5,19,,,12,,,,1,1,2,1,,1,10,6,5,2,3,1,,3,3,3,1,2,,,1,,,,0.1,0.111111111,0.222222222,0.2,0,0.333333333,6.6,7.333333333,7.2,6.5,9.666666667,6,0,9,4.333333333,7.666666667,5,9.5,0,0,12,0,0,0,7.325,0.025,,
NM Coulter-Nile,49,34,61,43,11,15,1,7,19,16,0,5,,0,15,20,5,31,1,3,1,3,2,1,10,5,7,5,1,2,,1,1,1,1,1,,,1,4,1,3,0.1,0.5,0.111111111,0.3,0.666666667,0.166666667,4.9,6.8,8.714285714,8.6,11,7.5,0,7,19,16,0,5,0,0,15,5,5,10.33333333,7.545454545,0.041666667,,
PV Tambe,,,4,12,1,,,,2,13,20,31,,,,,,22,,,1,1,1,,,,1,2,1,,,,,1,2,3,,,,,,1,0,0,1,0.333333333,0.333333333,0,0,0,4,6,1,0,0,0,0,13,10,10.33333333,0,0,0,0,0,22,9.545454545,0.045454545,,
IC Pandey,31,68,13,43,11,,4,0,46,19,9,10,,,,16,1,15,2,1,3,1,3,1,7,11,4,3,1,,,1,3,3,2,1,,,,2,1,2,0.285714286,0.083333333,0.428571429,0.125,0.75,0.333333333,4.428571429,6.181818182,3.25,14.33333333,11,0,0,0,15.33333333,6.333333333,4.5,10,0,0,0,8,1,7.5,6.975609756,0.044715447,,
BW Hilfenhaus,50,11,10,10,9,,,,6,,14,1,,,1,,,0,,1,3,,,1,6,1,3,1,1,,,,1,,1,1,,,,,,,0,1,0.75,0,0,1,8.333333333,11,3.333333333,10,9,0,0,0,6,0,14,1,0,0,0,0,0,0,7.466666667,0.055555556,,
IK Pathan,8,,32,,,,,,,,16,,,,,,,,,,,,,,1,,1,,,,,,,,1,,,,,,,,0,0,0,0,0,0,8,0,32,0,0,0,0,0,0,0,16,0,0,0,0,0,0,0,18.66666667,0,,
R Dhawan,,,,,,9,,,,11,,26,,,,,,31,,,,,,,,,,,,1,,,,2,,2,,,,,,2,0,0,0,0,0,0,0,0,0,0,0,9,0,0,0,5.5,0,13,0,0,0,0,0,15.5,11,0,,
TG Southee,129,31,120,14,12,11,11,,78,11,58,16,,4,6,8,,16,6,,4,1,1,,24,3,11,1,1,1,,,9,3,6,1,,1,,2,,3,0.25,0,0.2,0.166666667,0.142857143,0,5.375,10.33333333,10.90909091,14,12,11,0,0,8.666666667,3.666666667,9.666666667,16,0,4,0,4,0,5.333333333,7.954545455,0.03030303,,
Y Venugopal Rao,,,,9,,,,,,,,,,,,,,,,,,,,,,,,,,,,,,,,,,,,,,,0,0,0,0,0,0,0,0,0,0,0,0,0,0,0,0,0,0,0,0,0,0,0,0,0,0,,
JH Kallis,17,6,,,,,,,,,0,,,,,,9,,,,,,1,,1,1,,,,,,,,,,,,,,,,,0,0,0,0,0,0,17,6,0,0,0,0,0,0,0,0,0,0,0,0,0,0,0,0,16,0.083333333,,
STR Binny,100,4,6,13,,,0,0,28,15,,9,0,,,,,0,3,2,1,1,,1,12,2,1,2,,,,,2,1,,1,,,,,,,0.25,1,0.333333333,0.333333333,0,1,8.333333333,2,6,6.5,0,0,0,0,14,15,0,9,0,0,0,0,0,0,8.333333333,0.063492063,,
SR Watson,5,32,10,50,42,2,,,28,74,17,47,,,,3,19,80,,,,3,3,5,1,6,1,5,5,1,,,2,8,3,7,,,,1,1,10,0,0,0,0.214285714,0.333333333,0.277777778,5,5.333333333,10,10,8.4,2,0,0,14,9.25,5.666666667,6.714285714,0,0,0,3,19,8,8.019607843,0.035947712,,
R Rampaul,,17,,4,4,,,,,,2,3,,,,,,1,,,,,1,1,,1,,1,1,,,,,,,1,,,,,,,0,0,0,0,1,1,0,17,0,4,4,0,0,0,0,0,0,3,0,0,0,0,0,0,7.75,0.083333333,,
AB Dinda,29,38,29,61,12,7,4,10,20,16,41,18,,13,,5,0,,1,,3,3,3,,8,6,6,5,1,1,,1,1,3,4,1,,1,,,,,0.125,0,0.428571429,0.375,0.6,0,3.625,6.333333333,4.833333333,12.2,12,7,0,10,20,5.333333333,10.25,18,0,13,0,0,0,0,7.973684211,0.043859649,,
Iqbal Abdulla,2,9,0,34,,,,4,4,,18,,,1,,,10,,,2,1,,,,1,3,1,3,,,,,,,1,,,,,,1,,0,0.666666667,1,0,0,0,2,3,0,11.33333333,0,0,0,0,0,0,18,0,0,0,0,0,10,0,8.2,0.05,,
DJG Sammy,,,,,,,,,,,7,,,,,,,8,,,,,,1,,,,,,,,,,,1,,,,,,,,0,0,0,0,0,0,0,0,0,0,0,0,0,0,0,0,7,0,0,0,0,0,0,0,15,0.166666667,,
P Suyal,12,16,28,15,,,,,,,,,,,,,,,,,,,,,1,2,1,2,,,,,,,,,,,,,,,0,0,0,0,0,0,12,8,28,7.5,0,0,0,0,0,0,0,0,0,0,0,0,0,0,11.83333333,0,,
SA Yadav,8,,,,,,,,,,,,,,,,,,,,,,,,,,,,,,,,,,,,,,,,,,0,0,0,0,0,0,0,0,0,0,0,0,0,0,0,0,0,0,0,0,0,0,0,0,0,0,,
LR Shukla,,,,,12,,,,,,,,,,,,7,,,,,,,,,,,,,,,,,,,,,,,,1,,0,0,0,0,0,0,0,0,0,0,0,0,0,0,0,0,0,0,0,0,0,0,7,0,19,0,,
M Kartik,,,,,,,,,,,13,,,,,,,,,,,,,,,,,,,,,,,,,,,,,,,,0,0,0,0,0,0,0,0,0,0,0,0,0,0,0,0,0,0,0,0,0,0,0,0,0,0,,
S Badree,36,19,25,25,1,,,4,1,18,15,,,,1,,15,9,,,5,1,1,,4,3,4,2,1,,,1,1,1,3,,,,,,,2,0,0,1,0.333333333,0.25,0,9,6.333333333,6.25,12.5,1,0,0,4,1,18,5,0,0,0,0,0,0,4.5,7.681818182,0.053030303,,
P Kumar,142,21,58,50,16,4,12,4,74,8,70,16,,,2,,31,19,2,,6,2,3,1,23,2,13,5,4,1,,1,8,,6,1,,,,,6,2,0.086956522,0,0.285714286,0.4,0.1875,0.25,6.173913043,10.5,4.461538462,10,4,4,0,4,9.25,0,11.66666667,16,0,0,0,0,5.166666667,9.5,7.319444444,0.032407407,,
R Shukla,,12,,7,,0,,,,1,,1,,,,12,,,,,,1,,1,,1,,1,,1,,,,,,,,,,,,,0,0,0,1,0,1,0,12,0,7,0,0,0,0,0,0,0,0,0,0,0,0,0,0,11,0.111111111,,
Ankit Sharma,36,24,7,,,,,,11,,9,,,,,,7,,,,2,,1,,3,2,3,,,,,,,,2,,,,,,1,,0,0,0.666666667,0,0.333333333,0,12,12,2.333333333,0,0,0,0,0,0,0,4.5,0,0,0,0,0,7,0,8.545454545,0.045454545,,
KK Cooper,,,,,,8,,,,,0,7,,,,,8,10,,,,,2,,,,,,,1,,,,,1,1,,,,,,1,0,0,0,0,2,0,0,0,0,0,0,8,0,0,0,0,0,7,0,0,0,0,0,10,8.25,0.083333333,,
M Muralitharan,15,,,,5,,5,,,,,,,,8,,,10,1,,,,,,2,,,,1,,,,,,,,,,1,,,1,0.5,0,0,0,0,0,7.5,0,0,0,5,0,0,0,0,0,0,0,0,0,8,0,0,10,8.6,0.033333333,,
AN Ahmed,,,10,6,9,20,,,,,,,,,,,17,,,,,,,,,,1,2,1,3,,,,,,,,,,,1,,0,0,0,0,0,0,0,0,10,3,9,6.666666667,0,0,0,0,0,0,0,0,0,0,17,0,7.75,0,,
BE Hendricks,,39,,32,,,,8,,18,,,,0,,11,,,,1,,,,,,4,,2,,,,1,,1,,,,,,1,,,0,0.2,0,0,0,0,0,9.75,0,16,0,0,0,8,0,18,0,0,0,0,0,11,0,0,12,0.018518519,,
K Santokie,,25,,,,,,,,,,,,,,,,6,,,,,,1,,1,,,,,,,,,,,,,,,,1,0,0,0,0,0,1,0,25,0,0,0,0,0,0,0,0,0,0,0,0,0,0,0,6,15.5,0.083333333,,
Parvez Rasool,,13,7,0,,,,13,,9,22,28,,,,,,,,,,1,,,,1,1,1,,,,1,,1,2,2,,,,,,,0,0,0,0.5,0,0,0,13,7,0,0,0,0,13,0,9,11,14,0,0,0,0,0,0,10.22222222,0.018518519,,
JW Hastings,,10,,5,13,21,,,,,,,,,,1,,0,,,,,,1,,1,,,1,1,,,,,,,,,,1,,1,0,0,0,0,0,0.5,0,10,0,0,13,21,0,0,0,0,0,0,0,0,0,1,0,0,10,0.033333333,,
M de Lange,,19,,,,,,,,,,0,,,,,,,,,,,,,,1,,,,,,,,,,1,,,,,,,0,0,0,0,0,0,0,19,0,0,0,0,0,0,0,0,0,0,0,0,0,0,0,0,9.5,0,,
VS Malik,15,,,,,,,,,,9,,,,,,,,,,,,,,,,,,,,,,,,1,,,,,,,,0,0,0,0,0,0,0,0,0,0,0,0,0,0,0,0,9,0,0,0,0,0,0,0,24,0,,
SB Jakati,5,11,15,,,,,,,12,13,12,,,,,,,,,,,,,,1,1,,,,,,,1,1,1,,,,,,,0,0,0,0,0,0,0,11,15,0,0,0,0,0,0,12,13,12,0,0,0,0,0,0,13.6,0,,
D Wiese,,,4,6,8,2,,,12,6,6,15,,,,,,5,,,2,1,,3,,,2,1,1,,,,,1,1,3,,,,,,,0,0,1,0.5,0,1,0,0,2,6,8,0,0,0,0,6,6,5,0,0,0,0,0,0,7.111111111,0.111111111,,
MJ McClenaghan,114,101,75,35,29,37,16,47,80,84,27,37,,5,24,15,13,48,5,8,1,6,4,6,18,17,9,6,5,4,,7,7,8,2,6,,,2,3,1,4,0.277777778,0.333333333,0.055555556,0.352941176,0.5,0.428571429,6.333333333,5.941176471,8.333333333,5.833333333,5.8,9.25,0,6.714285714,11.42857143,10.5,13.5,6.166666667,0,0,12,5,13,12,7.949494949,0.050505051,,
DJ Muthuswami,6,28,,11,0,18,,,10,,3,8,,,,,15,,,,,,3,,,3,,2,2,1,,,1,,,1,,,,,1,,0,0,0,0,1,0,0,9.333333333,0,5.5,0,18,0,0,10,0,0,8,0,0,0,0,15,0,9,0.045454545,,
AD Mathews,,,11,,23,,,,,,,10,,,,,11,13,,,,,3,1,,,,,3,,,,,,,1,,,,,1,1,0,0,0,0,0.75,0.5,0,0,0,0,7.666666667,0,0,0,0,0,0,10,0,0,0,0,11,13,11.33333333,0.111111111,,
J Botha,3,,9,,9,7,,,,,,,,,,3,,4,,,,,,,,,1,,1,1,,,,,,,,,,1,,1,0,0,0,0,0,0,0,0,9,0,9,7,0,0,0,0,0,0,0,0,0,3,0,4,7,0,,
SA Abbott,29,,9,,,,,,,,,,,,,,,,,,,,,,1,,1,,,,,,,,,,,,,,,,0,0,0,0,0,0,29,0,9,0,0,0,0,0,0,0,0,0,0,0,0,0,0,0,19,0,,
Karanveer Singh,4,,22,,,,,,,,,,,,,,,,,,,,,,,,1,,,,,,,,,,,,,,,,0,0,0,0,0,0,0,0,22,0,0,0,0,0,0,0,0,0,0,0,0,0,0,0,26,0,,
GB Hogg,,,,22,,3,,,,1,,0,,,,,3,15,,,,1,1,3,,,,2,,1,,,,,,,,,,,1,1,0,0,0,0.5,1,1.5,0,0,0,11,0,3,0,0,0,0,0,0,0,0,0,0,3,15,8.8,0.166666667,,
J Theron,,,,12,,,,,,,,,,,,,,,,,,,,,,,,,,,,,,,,,,,,,,,0,0,0,0,0,0,0,0,0,0,0,0,0,0,0,0,0,0,0,0,0,0,0,0,0,0,,
RG More,,,,,15,,,,,,,,,,,,,,,,,,,,,,,,,,,,,,,,,,,,,,0,0,0,0,0,0,0,0,0,0,0,0,0,0,0,0,0,0,0,0,0,0,0,0,0,0,,
GS Sandhu,,7,,,,,,,,,,,,,,,,,,,,,,,,,,,,,,,,,,,,,,,,,0,0,0,0,0,0,0,0,0,0,0,0,0,0,0,0,0,0,0,0,0,0,0,0,0,0,,
S Aravind,20,52,23,17,26,5,,28,28,74,31,15,,,2,8,10,16,1,5,,4,1,2,3,10,2,3,1,1,,2,2,8,4,2,,,1,2,1,2,0.333333333,0.416666667,0,0.307692308,0.166666667,0.4,6.666666667,5.2,11.5,5.666666667,26,5,0,14,14,9.25,7.75,7.5,0,0,2,4,10,8,8.068181818,0.049242424,,
Gurkeerat Singh,,,,,7,,,,,,,,,,,,12,,,,,,,,,,,,,,,,,,,,,,,,1,,0,0,0,0,0,0,0,0,0,0,0,0,0,0,0,0,0,0,0,0,0,0,12,0,19,0,,
Bipul Sharma,3,4,12,0,5,,,,,9,0,,,,,,,8,,,,1,1,,1,1,1,1,,,,,,,,,,,,,,2,0,0,0,1,0,0,3,4,12,0,0,0,0,0,0,0,0,0,0,0,0,0,0,4,6.833333333,0.055555556,,
Azhar Mahmood,9,,,,,,,,,,,,,,,,,,,,,,,,,,,,,,,,,,,,,,,,,,0,0,0,0,0,0,0,0,0,0,0,0,0,0,0,0,0,0,0,0,0,0,0,0,0,0,,
BB Sran,11,65,,27,15,8,0,44,14,23,58,,,,4,22,10,18,1,2,,2,1,,2,7,,3,1,1,,4,1,2,5,,,,1,2,2,3,0.5,0.181818182,0,0.285714286,0.125,0,5.5,9.285714286,0,9,15,8,0,11,14,11.5,11.6,0,0,0,4,11,5,6,9.382352941,0.029411765,,
RP Singh,15,12,14,15,,,,,8,1,,13,,,,,,,,,,1,,,1,2,1,2,,,,,1,,,1,,,,,,,0,0,0,0.5,0,0,15,6,14,7.5,0,0,0,0,8,0,0,13,0,0,0,0,0,0,9.75,0.020833333,,
MR Marsh,,,,,,,,3,,6,,,,,,,1,1,,,,,2,1,,,,,,,,1,,1,,,,,,,,1,0,0,0,0,0,1,0,0,0,0,0,0,0,3,0,6,0,0,0,0,0,0,0,1,3.666666667,0.166666667,,
PJ Sangwan,24,43,22,11,,,4,4,11,,17,,,0,6,12,13,,3,2,1,,,,4,3,2,1,,,,,1,,1,,,,1,2,1,,0.75,0.666666667,0.25,0,0,0,6,14.33333333,11,11,0,0,0,0,11,0,17,0,0,0,6,6,13,0,10.4375,0.0625,,
S Ladda,,,,,,7,,,,,,,,,,,,,,,,,,,,,,,,,,,,,,,,,,,,,0,0,0,0,0,0,0,0,0,0,0,0,0,0,0,0,0,0,0,0,0,0,0,0,0,0,,
CR Brathwaite,,7,,,,4,,,,,,14,,,,,,,,,,,,1,,1,,,,1,,,,,,,,,,,,,0,0,0,0,0,1,0,7,0,0,0,4,0,0,0,0,0,0,0,0,0,0,0,0,12.5,0.083333333,,
KJ Abbott,,20,,53,,,,,,,,,,,,,,,,,,,,,,2,,4,,,,,,,,,,,,,,,0,0,0,0,0,0,0,10,0,13.25,0,0,0,0,0,0,0,0,0,0,0,0,0,0,12.16666667,0,,
P Sahu,,,,,,,,,,,,11,,,,,,,,,,,,,,,,,,,,,,,,,,,,,,,0,0,0,0,0,0,0,0,0,0,0,0,0,0,0,0,0,0,0,0,0,0,0,0,0,0,,
SK Raina,3,,28,1,10,10,,,6,2,9,8,,,,,,3,,,,1,,,1,,2,1,1,,,,1,,1,1,,,,,,1,0,0,0,1,0,0,3,0,14,1,10,0,0,0,6,0,9,8,0,0,0,0,0,3,8.888888889,0.018518519,,
NLTC Perera,4,11,16,5,14,21,,6,6,2,,4,,,,,7,3,,,,1,,,1,1,1,1,1,2,,1,1,,,1,,,,,1,1,0,0,0,1,0,0,4,11,16,5,14,10.5,0,6,6,0,0,4,0,0,0,0,7,3,8.25,0.013888889,,
SM Boland,,,,,,,,,,10,4,8,,,,,,,,,,,,1,,,,,,,,,,1,,1,,,,,,,0,0,0,0,0,1,0,0,0,0,0,0,0,0,0,10,0,8,0,0,0,0,0,0,11,0.083333333,,
DR Smith,,,,,,,,,,,4,,,,,,16,24,,,,,4,1,,,,,,,,,,,3,,,,,,,1,0,0,0,0,1.333333333,1,0,0,0,0,0,0,0,0,0,0,1.333333333,0,0,0,0,0,0,24,11,0.208333333,,
S Kaushik,,,,9,,20,,,,,12,,,,,,,,,,,,,,,,,1,,1,,,,,,,,,,,,,0,0,0,0,0,0,0,0,0,9,0,20,0,0,0,0,0,0,0,0,0,0,0,0,20.5,0,,
M Vijay,,8,,,,,,,,,,,,,,,,,,,,,,,,,,,,,,,,,,,,,,,,,0,0,0,0,0,0,0,0,0,0,0,0,0,0,0,0,0,0,0,0,0,0,0,0,0,0,,
AS Rajpoot,22,14,38,12,,,12,17,29,,12,,,,8,,5,,2,,2,,4,,5,2,3,1,,,,1,3,,3,,,,1,,1,,0.4,0,0.285714286,0,1,0,4.4,7,12.66666667,12,0,0,0,17,9.666666667,0,4,0,0,0,8,0,5,0,8.45,0.066666667,,
KS Williamson,,,,,,,,,,,7,,,,,,,,,,,,,,,,,,,,,,,,,,,,,,,,0,0,0,0,0,0,0,0,0,0,0,0,0,0,0,0,0,0,0,0,0,0,0,0,0,0,,
YK Pathan,8,,,17,,,,,3,,10,,,,,,,,,,,,,,1,,,1,,,,,1,,1,,,,,,,,0,0,0,0,0,0,8,0,0,17,0,0,0,0,3,0,10,0,0,0,0,0,0,0,9.5,0,,
CH Gayle,,5,,6,,13,,,,,,,,,,,,,,,,,,,,,,1,,1,,,,,,,,,,,,,0,0,0,0,0,0,0,0,0,6,0,13,0,0,0,0,0,0,0,0,0,0,0,0,12,0,,
TS Mills,7,7,,9,1,12,,,6,4,4,,,,,,8,,,,,1,1,1,,1,,1,1,1,,,1,,,,,,,,1,,0,0,0,1,0.5,1,0,7,0,9,1,12,0,0,6,0,0,0,0,0,0,0,8,0,9.666666667,0.083333333,,
A Choudhary,16,12,,,,,6,4,4,4,,,,,,,,,2,1,,,,,3,,,,,,,,1,1,,,,,,,,,0.666666667,0,0,0,0,0,5.333333333,0,0,0,0,0,0,0,4,4,0,0,0,0,0,0,0,0,9.2,0.1,,
CR Woakes,16,40,17,37,12,6,,11,,20,12,15,,12,,9,,4,,1,,,1,1,1,6,1,3,1,1,,1,,1,1,,,1,,1,,1,0,0.125,0,0,0.5,0.5,16,6.666666667,17,12.33333333,12,6,0,11,0,20,12,0,0,12,0,9,0,4,11.10526316,0.026315789,,
MS Gony,,,17,,,,,,,,,,,,,,,,,,,,,,,,,,,,,,,,,,,,,,,,0,0,0,0,0,0,0,0,0,0,0,0,0,0,0,0,0,0,0,0,0,0,0,0,0,0,,
B Stanlake,15,21,20,,7,,,5,,17,20,1,,,,,,5,,1,,,,1,1,3,2,,1,,,1,,2,2,1,,,,,,,0,0.25,0,0,0,1,15,7,10,0,7,0,0,5,0,8.5,10,1,0,0,0,0,0,0,8.538461538,0.025641026,,
Tejas Baroka,,,,,,,,,,,8,,,,,,,,,,,,,,,,,,,,,,,,,,,,,,,,0,0,0,0,0,0,0,0,0,0,0,0,0,0,0,0,0,0,0,0,0,0,0,0,0,0,,
AJ Tye,,11,,5,8,18,,,,32,0,69,,,,7,8,7,,,,2,3,5,,1,,3,2,2,,,,3,2,7,,,,1,,1,0,0,0,0.285714286,0.75,0.5,0,11,0,1.666666667,4,9,0,0,0,10.66666667,0,9.857142857,0,0,0,7,0,7,7.5,0.075757576,,
MM Patel,,,,,,,,,,7,,,,,,,,,,,,,,,,,,,,,,,,,,,,,,,,,0,0,0,0,0,0,0,0,0,0,0,0,0,0,0,0,0,0,0,0,0,0,0,0,0,0,,
SS Agarwal,11,,,,,,,,,,,,,,,,,,,,,,,,,,,,,,,,,,,,,,,,,,0,0,0,0,0,0,0,0,0,0,0,0,0,0,0,0,0,0,0,0,0,0,0,0,0,0,,
NB Singh,3,0,7,,,,,5,,3,,,,,,,,,,1,,,,,1,,1,,,,,,,1,,,,,,,,,0,0,0,0,0,0,3,0,7,0,0,0,0,0,0,3,0,0,0,0,0,0,0,0,6,0.055555556,,
Ankit Soni,,,,3,,,,,,,,,,,,,,,,,,1,,,,,,,,,,,,,,,,,,,,,0,0,0,0,0,0,0,0,0,0,0,0,0,0,0,0,0,0,0,0,0,0,0,0,0,0,,
C de Grandhomme,,13,,,,,,,,,,,,,,,,,,,,,,,,1,,,,,,,,,,,,,,,,,0,0,0,0,0,0,0,13,0,0,0,0,0,0,0,0,0,0,0,0,0,0,0,0,13,0,,
MJ Henry,,24,,,,,,,,,,12,,,,,,,,,,,,,,1,,,,,,,,,,1,,,,,,,0,0,0,0,0,0,0,24,0,0,0,0,0,0,0,0,0,12,0,0,0,0,0,0,18,0,,
B Laughlin,,,,,2,,,,,5,13,25,,,,2,,14,,,,1,1,1,,,,,1,,,,,1,1,1,,,,,,1,0,0,0,1,0.5,0.5,0,0,0,0,2,0,0,0,0,5,13,25,0,0,0,0,0,14,12.2,0.1,,
TK Curran,,,11,,,12,,,,,,0,,,,,,,,,,,,1,,,1,,,,,,,,,,,,,,,,0,0,0,0,0,0,0,0,11,0,0,0,0,0,0,0,0,0,0,0,0,0,0,0,23,0.166666667,,
K Khejroliya,,,7,,,,,,,,,,,,,,12,,,,,,,,,,,,,,,,,,,,,,,,1,,0,0,0,0,0,0,0,0,0,0,0,0,0,0,0,0,0,0,0,0,0,0,12,0,19,0,,
A Dananjaya,,12,,,,,,,,,,,,,,,,,,,,,,,,,,,,,,,,,,,,,,,,,0,0,0,0,0,0,0,0,0,0,0,0,0,0,0,0,0,0,0,0,0,0,0,0,0,0,,
LE Plunkett,,,,13,31,,,,,,14,7,,,,,7,,,,,,1,,,,,1,2,,,,,,1,1,,,,,1,,0,0,0,0,0.25,0,0,0,0,13,15.5,0,0,0,0,0,14,7,0,0,0,0,7,0,12,0.027777778,,
DJ Willey,20,,10,,,,,,9,,,,,,,,,,,,,,,,1,,1,,,,,,1,,,,,,,,,,0,0,0,0,0,0,20,0,10,0,0,0,0,0,9,0,0,0,0,0,0,0,0,0,13,0,,
N Rana,6,,,,,,,,,,,,,,,,,,,,,,,,1,,,,,,,,,,,,,,,,,,0,0,0,0,0,0,6,0,0,0,0,0,0,0,0,0,0,0,0,0,0,0,0,0,6,0,,
M Prasidh Krishna,,69,,11,25,,,,,,,,,,,,,,,,,,,,,6,,1,3,,,,,,,,,,,,,,0,0,0,0,0,0,0,11.5,0,11,8.333333333,0,0,0,0,0,0,0,0,0,0,0,0,0,10.5,0,,
MM Ali,4,,,,,,,,10,,,,,,,,,,,,,,,,,,,,,,,,1,,,,,,,,,,0,0,0,0,0,0,0,0,0,0,0,0,0,0,10,0,0,0,0,0,0,0,0,0,14,0,,
JPR Scantlebury-Searles,,,13,,,,,,,,,,,,,,,,,,,,,,,,,,,,,,,,,,,,,,,,0,0,0,0,0,0,0,0,0,0,0,0,0,0,0,0,0,0,0,0,0,0,0,0,0,0,,
S Lamichhane,18,2,,,,,1,,5,,,,,,0,,,,1,,1,,,,1,1,,,,,,,1,,,,,,,,,,1,0,1,0,0,0,18,2,0,0,0,0,0,0,5,0,0,0,0,0,0,0,0,0,8.666666667,0.111111111,,
CJ Dala,,,,,,,,,,,,,,,,17,,,,,,,,,,,,,,,,,,,,,,,,,,,0,0,0,0,0,0,0,0,0,0,0,0,0,0,0,0,0,0,0,0,0,0,0,0,0,0,,
